<?xml version="1.0" encoding="utf-8" standalone="no"?>
<manifest identifier="AG.MyScormtest02.TestCourse02.da563e35-81fd-4e2a-8a7a-bb380ec8520f" version="1" xmlns:adlnav="http://www.adlnet.org/xsd/adlnav_v1p3" xmlns="http://www.imsglobal.org/xsd/imscp_v1p1" xmlns:adlseq="http://www.adlnet.org/xsd/adlseq_v1p3" xmlns:imsss="http://www.imsglobal.org/xsd/imsss" xmlns:adlcp="http://www.adlnet.org/xsd/adlcp_v1p3" xmlns:xsi="http://www.w3.org/2001/XMLSchema-instance" xsi:schemaLocation="http://www.imsglobal.org/xsd/imscp_v1p1 imscp_v1p1.xsd http://www.adlnet.org/xsd/adlcp_v1p3 adlcp_v1p3.xsd http://www.adlnet.org/xsd/adlseq_v1p3 adlseq_v1p3.xsd http://www.adlnet.org/xsd/adlnav_v1p3 adlnav_v1p3.xsd http://www.imsglobal.org/xsd/imsss imsss_v1p0.xsd">
  <metadata>
    <schema>ADL SCORM</schema>
    <schemaversion>2004 4th Edition</schemaversion>
    <adlcp:location>metadata.xml</adlcp:location>
  </metadata>
  <organizations default="My_Scorm_test02">
    <organization identifier="My_Scorm_test02">
      <title>Test Course02</title>
      <item identifier="item_AG.MyScormtest02.TestCourse02.da563e35-81fd-4e2a-8a7a-bb380ec8520f" identifierref="resource_AG.MyScormtest02.TestCourse02.da563e35-81fd-4e2a-8a7a-bb380ec8520f">
        <title>Test Course02</title>
        <imsss:sequencing>
          <imsss:objectives>
            <imsss:primaryObjective objectiveID="PRIMARYOBJ" satisfiedByMeasure="true">
              <imsss:minNormalizedMeasure>0.8</imsss:minNormalizedMeasure>
            </imsss:primaryObjective>
          </imsss:objectives>
          <imsss:deliveryControls completionSetByContent="true" objectiveSetByContent="true"/>
        </imsss:sequencing>
        <metadata>
          <schema>ADL SCORM</schema>
          <schemaversion>2004 4th Edition</schemaversion>
          <adlcp:location>metadata.xml</adlcp:location>
        </metadata>
      </item>
      <metadata>
        <schema>ADL SCORM</schema>
        <schemaversion>2004 4th Edition</schemaversion>
        <adlcp:location>metadata.xml</adlcp:location>
      </metadata>
      <imsss:sequencing>
        <imsss:controlMode choice="true" flow="true"/>
      </imsss:sequencing>
    </organization>
  </organizations>
  <resources>
    <metadata>
      <schema>ADL SCORM</schema>
      <schemaversion>2004 4th Edition</schemaversion>
      <adlcp:location>metadata.xml</adlcp:location>
    </metadata>
    <resource identifier="resource_AG.MyScormtest02.TestCourse02.da563e35-81fd-4e2a-8a7a-bb380ec8520f" type="webcontent" href="index.html" adlcp:scormType="sco">
      <metadata>
        <schema>ADL SCORM</schema>
        <schemaversion>2004 4th Edition</schemaversion>
        <adlcp:location>metadata.xml</adlcp:location>
      </metadata>
      <file href="asset-manifest.json"/>
      <file href="favicon.ico"/>
      <file href="index.html"/>
      <file href="logo192.png"/>
      <file href="logo512.png"/>
      <file href="manifest.json"/>
      <file href="robots.txt"/>
      <file href="static/css/main.1365b746.css"/>
      <file href="static/css/main.1365b746.css.map"/>
      <file href="static/js/787.ed5e0744.chunk.js"/>
      <file href="static/js/787.ed5e0744.chunk.js.map"/>
      <file href="static/js/main.e8a1ec37.js"/>
      <file href="static/js/main.e8a1ec37.js.LICENSE.txt"/>
      <file href="static/js/main.e8a1ec37.js.map"/>
      <file href="static/media/button3.539f5b124a1ccd24d88d.png"/>
    </resource>
  </resources>
</manifest>